"Notes","Census Region of Residence","Census Region of Residence Code",Births
,"Census Region 1: Northeast","CENS-R1",575346
,"Census Region 2: Midwest","CENS-R2",738392
,"Census Region 3: South","CENS-R3",1483132
,"Census Region 4: West","CENS-R4",832064
"Total",,,3628934
"---"
"Dataset: Natality, 2016-2024 expanded"
"Query Parameters:"
"Year: 2024"
"Group By: Census Region of Residence"
"Show Totals: True"
"Show Zero Values: False"
"Show Suppressed: False"
"Calculate Rates Per: 1,000"
"---"
"Help: See http://wonder.cdc.gov/wonder/help/natality-expanded.html for more information."
"---"
"Query Date: Sep 26, 2026 3:59:21 AM"
"---"
"Suggested Citation: Centers for Disease Control and Prevention, National Center for Health Statistics. National Vital Statistics"
"System, Natality on CDC WONDER Online Database. Data are from the Natality Records 2016-2024, as compiled from data provided by"
"the 57 vital statistics jurisdictions through the Vital Statistics Cooperative Program. Accessed at"
"http://wonder.cdc.gov/natality-expanded-current.html on Sep 26, 2026 3:59:21 AM"
"---"
Caveats:
"1. Each birth record represents one liveborn infant."